Room name,Coo1,Coo2,Coo3,Coo4
Fizica,"(-62.077178955078125, 0.0, -37.6114616394043)","(-65.31234741210938, 0.0, -53.09352111816406)","(1.2187247276306152, 0.0, -50.83790969848633)","(-2.016444683074951, 0.0, -66.3199691772461)"
Stiinte Politice,"(69.20976257324219, 0.0, -112.05890655517578)","(79.63160705566406, 0.0, -114.23667907714844)","(78.62277221679688, 0.0, -67.0124282836914)","(89.04461669921875, 0.0, -69.1902084350586)","(75.38760375976562, 0.0, -82.49449157714844)","(85.8094482421875, 0.0, -84.6722640991211)"
Amfiteatru,"(74.18763732910156, -8.904709858370552e-08, 6.478090286254883)","(97.58358764648438, 1.3993115999255679e-07, 1.2674107551574707)","(75.24374389648438, -3.4346740562796185e-07, -18.157968521118164)","(89.54096984863281, -2.5442028572797426e-07, -21.515213012695312)"
